{
  "book_details": [
    {
      "id": "0f0b",
      "book_name": "css",
      "book_author": "Jone",
      "book_edition": "3th",
      "book_page_number": "160",
      "book_price": "320",
      "book_descrition": "css for responsive"
    },
    {
      "id": "c66a",
      "book_name": "React js",
      "book_author": "Romi",
      "book_edition": "4th",
      "book_page_number": "45354",
      "book_price": "3543",
      "book_descrition": "rwrwer"
    },
    {
      "id": "d924",
      "book_name": "Html",
      "book_author": "Jone",
      "book_edition": "3 rd",
      "book_page_number": "65",
      "book_price": "455",
      "book_descrition": "hi"
    },
    {
      "id": "9dcb",
      "book_name": "Css",
      "book_author": "Jone",
      "book_edition": "3 rd",
      "book_page_number": "250",
      "book_price": "350",
      "book_descrition": "Css Book"
    },
    {
      "id": "0b99",
      "book_name": "Html",
      "book_author": "Jone",
      "book_edition": "3 rd",
      "book_page_number": "200",
      "book_price": "250",
      "book_descrition": "hi"
    },
    {
      "id": "25ab",
      "book_name": "Html",
      "book_author": "Jone",
      "book_edition": "3th",
      "book_page_number": "53",
      "book_price": "55",
      "book_descrition": "hhaa"
    }
  ]
}